modality	batch_sigma	seed
cell	0	101
cell	0	202
cell	0.1	101
cell	0.1	202
cell	0.2	101
cell	0.2	202
cell	0.3	101
cell	0.3	202
cell	0.4	101
cell	0.4	202
cell	0.5	101
cell	0.5	202
cell	1	101
cell	1	202
cell	1.5	101
cell	1.5	202
bin	0	101
bin	0	202
bin	0.25	101
bin	0.25	202
bin	0.3	101
bin	0.3	202
bin	0.35	101
bin	0.35	202
bin	0.4	101
bin	0.4	202
bin	0.45	101
bin	0.45	202
bin	0.7	101
bin	0.7	202
spot	0	101
spot	0	202
spot	0.05	101
spot	0.05	202
spot	0.1	101
spot	0.1	202
spot	0.12	101
spot	0.12	202
spot	0.13	101
spot	0.13	202
spot	0.14	101
spot	0.14	202
spot	0.15	101
spot	0.15	202
spot	0.18	101
spot	0.18	202
spot	0.2	101
spot	0.2	202
spot	0.22	101
spot	0.22	202
spot	0.25	101
spot	0.25	202
spot	0.26	101
spot	0.26	202
spot	0.27	101
spot	0.27	202
spot	0.28	101
spot	0.28	202
spot	0.29	101
spot	0.29	202
spot	0.3	101
spot	0.3	202
spot	0.4	
spot	0.4	101
spot	0.4	202
spot	0.6	
spot	0.6	101
spot	0.6	202
