task	modality	k_geom	lambda	qc_h5ad	out_dir	seed
0	cell	60	0.2	albis_paper/data/figure_3/weak_domain_mix/data/cell/log_mu_-2.5_theta_0.40_jitter0.15_bsigma0_qc.h5ad	albis_paper/data/figure_3/weak_domain_mix/banksy_harmony_batch_zero/cell_type/cell/lam0.2	2025
1	cell	60	0.2	albis_paper/data/figure_3/weak_domain_mix/data/cell_seed101/log_mu_-2.5_theta_0.40_jitter0.15_bsigma0_seed101_qc.h5ad	albis_paper/data/figure_3/weak_domain_mix/banksy_harmony_batch_zero/cell_type/cell/lam0.2_seed101	101
2	cell	60	0.2	albis_paper/data/figure_3/weak_domain_mix/data/cell_seed202/log_mu_-2.5_theta_0.40_jitter0.15_bsigma0_seed202_qc.h5ad	albis_paper/data/figure_3/weak_domain_mix/banksy_harmony_batch_zero/cell_type/cell/lam0.2_seed202	202
3	bin16um	100	0.1	albis_paper/data/figure_3/weak_domain_mix/data/bin16um/packing_pf0p04_bin16um_log_mu_-2.5_jitter0.6_bsigma0_qc.h5ad	albis_paper/data/figure_3/weak_domain_mix/banksy_harmony_batch_zero/cell_type/bin16um/lam0.1	2025
4	bin16um	100	0.1	albis_paper/data/figure_3/weak_domain_mix/data/bin16um_seed101/packing_pf0p04_bin16um_log_mu_-2.5_jitter0.6_bsigma0_seed101_qc.h5ad	albis_paper/data/figure_3/weak_domain_mix/banksy_harmony_batch_zero/cell_type/bin16um/lam0.1_seed101	101
5	bin16um	100	0.1	albis_paper/data/figure_3/weak_domain_mix/data/bin16um_seed202/packing_pf0p04_bin16um_log_mu_-2.5_jitter0.6_bsigma0_seed202_qc.h5ad	albis_paper/data/figure_3/weak_domain_mix/banksy_harmony_batch_zero/cell_type/bin16um/lam0.1_seed202	202
6	spot	8	0	albis_paper/data/figure_3/weak_domain_mix/data/spot/packing_pf0p04_log_mu_-2.25_sigma1.0_theta_0.25_jitter0.10_bsigma0_qc.h5ad	albis_paper/data/figure_3/weak_domain_mix/banksy_harmony_batch_zero/cell_type/spot/lam0	2025
7	spot	8	0	albis_paper/data/figure_3/weak_domain_mix/data/spot_seed101/packing_pf0p04_log_mu_-2.25_sigma1.0_theta_0.25_jitter0.10_bsigma0_seed101_qc.h5ad	albis_paper/data/figure_3/weak_domain_mix/banksy_harmony_batch_zero/cell_type/spot/lam0_seed101	101
8	spot	8	0	albis_paper/data/figure_3/weak_domain_mix/data/spot_seed202/packing_pf0p04_log_mu_-2.25_sigma1.0_theta_0.25_jitter0.10_bsigma0_seed202_qc.h5ad	albis_paper/data/figure_3/weak_domain_mix/banksy_harmony_batch_zero/cell_type/spot/lam0_seed202	202
